Content ID,,,,,,
364306,,,,,,
283500,,,,,,
336091,,,,,,
286406,,,,,,
344907,,,,,,
168956,,,,,,
430978,,,,,,
422247,,,,,,
165750,,,,,,
169367,,,,,,
169370,,,,,,
369444,,,,,,
431036,,,,,,
164000,,,,,,
166193,,,,,,
371213,,,,,,
334338,,,,,,
417324,,,,,,
170880,,,,,,
288912,,,,,,
328260,,,,,,
351375,,,,,,
155905,,,,,,
237838,,,,,,
328250,,,,,,
132488,,,,,,
164251,,,,,,
164371,,,,,,
174195,,,,,,
174490,,,,,,
185389,,,,,,
224521,,,,,,
236314,,,,,,
310944,,,,,,
41968,,,,,,
172199,,,,,,
237836,,,,,,
372883,,,,,,
375365,,,,,,
22217,,,,,,
128746,,,,,,
164410,,,,,,
169642,,,,,,
171363,,,,,,
175865,,,,,,
176086,,,,,,
196997,,,,,,
208778,,,,,,
214285,,,,,,
236230,,,,,,
241429,,,,,,
276872,,,,,,
295506,,,,,,
360279,,,,,,
381278,,,,,,
416657,,,,,,
418555,,,,,,
419970,,,,,,
23828,,,,,,
126872,,,,,,
128203,,,,,,
129545,,,,,,
129946,,,,,,
132599,,,,,,
138606,,,,,,
161506,,,,,,
168741,,,,,,
172187,,,,,,
172748,,,,,,
184103,,,,,,
296616,,,,,,
305432,,,,,,
334340,,,,,,
335216,,,,,,
354890,,,,,,
357003,,,,,,
357718,,,,,,
370203,,,,,,
441405,,,,,,
8839,,,,,,
128230,,,,,,
128277,,,,,,
132387,,,,,,
132473,,,,,,
132553,,,,,,
138347,,,,,,
164061,,,,,,
164105,,,,,,
164387,,,,,,
164391,,,,,,
165885,,,,,,
166398,,,,,,
167418,,,,,,
168136,,,,,,
168962,,,,,,
169161,,,,,,
169178,,,,,,
169428,,,,,,
171367,,,,,,
172184,,,,,,
172185,,,,,,
172455,,,,,,
196790,,,,,,
204551,,,,,,
228418,,,,,,
229180,,,,,,
239251,,,,,,
239390,,,,,,
239423,,,,,,
241400,,,,,,
243556,,,,,,
255788,,,,,,
255988,,,,,,
270716,,,,,,
273756,,,,,,
284788,,,,,,
310083,,,,,,
317667,,,,,,
336339,,,,,,
341048,,,,,,
367459,,,,,,
372800,,,,,,
377238,,,,,,
423397,,,,,,
444301,,,,,,
128587,,,,,,
128621,,,,,,
129488,,,,,,
130082,,,,,,
132928,,,,,,
164109,,,,,,
166698,,,,,,
167109,,,,,,
170101,,,,,,
172191,,,,,,
196835,,,,,,
211957,,,,,,
215289,,,,,,
223705,,,,,,
229179,,,,,,
236269,,,,,,
283250,,,,,,
292353,,,,,,
341280,,,,,,
343363,,,,,,
356104,,,,,,
363280,,,,,,
366478,,,,,,
369213,,,,,,
409241,,,,,,
430508,,,,,,
441406,,,,,,
7532,,,,,,
7533,,,,,,
8822,,,,,,
8837,,,,,,
8838,,,,,,
11671,,,,,,
21484,,,,,,
22784,,,,,,
39234,,,,,,
42169,,,,,,
125621,,,,,,
126916,,,,,,
127704,,,,,,
128170,,,,,,
128632,,,,,,
128748,,,,,,
128766,,,,,,
128769,,,,,,
129453,,,,,,
129501,,,,,,
129520,,,,,,
129538,,,,,,
129541,,,,,,
129575,,,,,,
129592,,,,,,
129594,,,,,,
130090,,,,,,
130103,,,,,,
132087,,,,,,
132103,,,,,,
132298,,,,,,
132476,,,,,,
132493,,,,,,
132501,,,,,,
132574,,,,,,
132614,,,,,,
132741,,,,,,
132760,,,,,,
132918,,,,,,
132922,,,,,,
132955,,,,,,
133973,,,,,,
146381,,,,,,
153945,,,,,,
159211,,,,,,
161504,,,,,,
162217,,,,,,
164145,,,,,,
164184,,,,,,
164362,,,,,,
164450,,,,,,
164816,,,,,,
165455,,,,,,
165456,,,,,,
165457,,,,,,
165459,,,,,,
165460,,,,,,
165654,,,,,,
165767,,,,,,
165775,,,,,,
165891,,,,,,
166005,,,,,,
166509,,,,,,
166920,,,,,,
167104,,,,,,
167112,,,,,,
167118,,,,,,
167120,,,,,,
167310,,,,,,
167324,,,,,,
167369,,,,,,
167380,,,,,,
167419,,,,,,
167656,,,,,,
168176,,,,,,
168469,,,,,,
168696,,,,,,
168735,,,,,,
168747,,,,,,
168958,,,,,,
168981,,,,,,
169196,,,,,,
169209,,,,,,
169565,,,,,,
169593,,,,,,
169946,,,,,,
170014,,,,,,
170094,,,,,,
170113,,,,,,
170268,,,,,,
170270,,,,,,
170271,,,,,,
170285,,,,,,
170766,,,,,,
171236,,,,,,
171366,,,,,,
172188,,,,,,
172190,,,,,,
172244,,,,,,
172454,,,,,,
172749,,,,,,
172764,,,,,,
173057,,,,,,
173058,,,,,,
173172,,,,,,
179522,,,,,,
179948,,,,,,
180109,,,,,,
185269,,,,,,
186258,,,,,,
186914,,,,,,
187704,,,,,,
194647,,,,,,
196652,,,,,,
196845,,,,,,
197024,,,,,,
197712,,,,,,
200277,,,,,,
200895,,,,,,
201917,,,,,,
204800,,,,,,
210458,,,,,,
212309,,,,,,
212345,,,,,,
212351,,,,,,
212584,,,,,,
212589,,,,,,
212590,,,,,,
212748,,,,,,
217298,,,,,,
217312,,,,,,
223704,,,,,,
224447,,,,,,
224558,,,,,,
226023,,,,,,
226128,,,,,,
227053,,,,,,
227149,,,,,,
228040,,,,,,
228067,,,,,,
228068,,,,,,
228097,,,,,,
228429,,,,,,
228537,,,,,,
230142,,,,,,
230178,,,,,,
231179,,,,,,
231228,,,,,,
235280,,,,,,
235382,,,,,,
237270,,,,,,
239425,,,,,,
243559,,,,,,
246076,,,,,,
246460,,,,,,
247406,,,,,,
249488,,,,,,
251523,,,,,,
253430,,,,,,
253517,,,,,,
255786,,,,,,
257783,,,,,,
259921,,,,,,
261891,,,,,,
265862,,,,,,
266145,,,,,,
268149,,,,,,
272694,,,,,,
275369,,,,,,
275954,,,,,,
276332,,,,,,
279123,,,,,,
287362,,,,,,
290217,,,,,,
292808,,,,,,
293421,,,,,,
293962,,,,,,
295255,,,,,,
298738,,,,,,
303818,,,,,,
304628,,,,,,
306006,,,,,,
306953,,,,,,
308293,,,,,,
316756,,,,,,
317736,,,,,,
318888,,,,,,
318889,,,,,,
318952,,,,,,
318953,,,,,,
323983,,,,,,
327364,,,,,,
332216,,,,,,
334698,,,,,,
341744,,,,,,
342122,,,,,,
344788,,,,,,
345477,,,,,,
353350,,,,,,
353394,,,,,,
353713,,,,,,
353952,,,,,,
354511,,,,,,
354929,,,,,,
354930,,,,,,
355516,,,,,,
355532,,,,,,
355630,,,,,,
355631,,,,,,
358797,,,,,,
364722,,,,,,
364933,,,,,,
366481,,,,,,
366659,,,,,,
370886,,,,,,
371258,,,,,,
372683,,,,,,
374616,,,,,,
374636,,,,,,
375159,,,,,,
375215,,,,,,
391750,,,,,,
393666,,,,,,
394243,,,,,,
406061,,,,,,
414670,,,,,,
415391,,,,,,
420571,,,,,,
446260,,,,,,
126860,,,,,,
126890,,,,,,
126899,,,,,,
126900,,,,,,
127204,,,,,,
128624,,,,,,
128739,,,,,,
129403,,,,,,
129516,,,,,,
129537,,,,,,
129548,,,,,,
129599,,,,,,
129943,,,,,,
130144,,,,,,
132021,,,,,,
132333,,,,,,
132393,,,,,,
132459,,,,,,
132477,,,,,,
132524,,,,,,
132541,,,,,,
132546,,,,,,
132779,,,,,,
132803,,,,,,
132961,,,,,,
134770,,,,,,
136765,,,,,,
142351,,,,,,
150643,,,,,,
151758,,,,,,
153869,,,,,,
164177,,,,,,
164205,,,,,,
164213,,,,,,
166533,,,,,,
166872,,,,,,
167815,,,,,,
171364,,,,,,
174355,,,,,,
174445,,,,,,
176473,,,,,,
208793,,,,,,
209089,,,,,,
225381,,,,,,
250942,,,,,,
305428,,,,,,
356401,,,,,,
356472,,,,,,
362429,,,,,,
363181,,,,,,
370165,,,,,,
370169,,,,,,
370171,,,,,,
370351,,,,,,
372504,,,,,,
376562,,,,,,
382224,,,,,,
414908,,,,,,